model,acc,f1,auc
Central-Arousal,0.7811320754716982,0.855206847360913,0.8339645502156436
Central-Valence,0.7118598382749326,0.7844033613445378,0.7662495988693236
FedAvg-best(r5),,,
